{
  "Size": {
    "tilePixle": 50,
    "lineWidth": 3,
    "circleEdgeWidth": 3,
    "circleRadius": 20,
    "pointRadius": 6
  },
  "Font": {
    "textFont": "Consolas",
    "textFontSize": 12.0,
    "textFontStyle": "Bold",
    "indexFont": "Consolas",
    "indexFontSize": 8.0,
    "indexFontStyle": "Bold",
    "timeFont": "Consolas",
    "timeFontSize": 10.0,
    "timeFontStyle": "Regular",
    "predefinedFont": "Consolas",
    "predefinedFontSize": 10.0,
    "predefinedFontStyle": "Regular",
    "lenghtFont": "Consolas",
    "lenghtFontSize": 8.0,
    "lenghtFontStyle": "Regular"
  },
  "Color": {
    "textColor": "#ffffff",
    "lineColor": "#ff0000",
    "circleColor": "#767676",
    "lengthColor": "#00ff00",
    "defaultRoadColor": "#767676",
    "defaultWallColor": "#bbbbbb",
    "defaultFloorColor": "#343434",
    "defaultForbiddenColor": "#161616",
    "predefinedForeColor": "#ff4500",
    "predefinedBackColor": "#808080",
    "predefinedSelectedBackColor": "#d3d3d3",
    "predefinedSelectedTextColor": "#000000"
  }
}